epoch, max, min, mean, standev
0, NaN, NaN, NaN, NaN
1, 5.000000, 3.000000, 4.011364, 0.150756
2, 5.000000, 4.000000, 4.041096, 0.199886
3, 5.000000, 4.000000, 4.068493, 0.254338
4, 6.000000, 4.000000, 4.729730, 0.580441
