epoch, max, min, mean, standev
0, NaN, NaN, NaN, NaN
1, 11967.000000, 773.000000, 1957.116279, 1202.760732
