epoch, max, min, mean, standev
0, NaN, NaN, NaN, NaN
1, 5362.000000, 873.000000, 2175.291209, 807.742149
